,你 nǐ,您 ní n
0,0.9172932330827067,0.6296296296296297
1,0.9909747292418772,0.14655172413793102
2,0.9527114967462038,0.23776223776223773
3,1108.0,116.0
